{"global_step": 162, "_timestamp": 1661277353.971506, "Episode/successes": 0.0, "Episode/consecutive_successes": 0.0, "Loss/value_function": 0.010433721356093884, "Loss/surrogate": -0.07379680871963501, "Policy/mean_noise_std": 0.7970682382583618, "Train2/mean_reward/step": 0.04839545488357544, "Train2/mean_episode_length/episode": 8.0, "_runtime": 76.86190009117126, "_step": 162, "Train/mean_reward": 3.610914707183838, "Train/mean_episode_length": 75.0, "Train/mean_reward/time": 3.610914707183838, "Train/mean_episode_length/time": 75.0, "_wandb": {"runtime": 76}}