{"global_step": 762, "_timestamp": 1666229508.5321476, "Episode/successes": 0.0, "Episode/consecutive_successes": 0.0, "Loss/value_function": 0.00014603466843254864, "Loss/surrogate": -0.061944734305143356, "Policy/mean_noise_std": 0.793156623840332, "Train2/mean_reward/step": 1.2510606211435515e-05, "Train2/mean_episode_length/episode": 6.8153076171875, "_runtime": 853.5276987552643, "_step": 1204, "Train/mean_reward": 0.000520368164870888, "Train/mean_episode_length": 43.849998474121094, "Train/mean_reward/time": 0.0005017933435738087, "Train/mean_episode_length/time": 41.97999954223633, "videos": {"_type": "video-file", "sha256": "5028ab2419f841e72c925eff2f64c853ba26b391707d2d10b97f2b6792ed4a2a", "size": 316183, "path": "media/videos/videos_2_5028ab2419f841e72c92.mp4"}}